career_name,BBA Business Administration @ Moi University,BBA Business Administration @ Technical University of Kenya,BBA Business Administration @ University of Kigali,BCom Accounting @ Kenyatta University,BCom Accounting @ Moi University,BCom Accounting @ United States International University Africa,BCom Finance @ AUCA (Adventist University of Central Africa),BCom Finance @ Jomo Kenyatta University of Agriculture and Technology,BCom Finance @ Kyambogo University,BCom Finance @ Makerere University,BCom Finance @ Mzumbe University,BEng Electrical Engineering @ Carnegie Mellon University Rwanda,BEng Electrical Engineering @ Makerere University,BEng Electrical Engineering @ Uganda Christian University,BEng Electrical Engineering @ United States International University Africa,BEng Environmental Engineering @ Mbarara University of Science and Technology,BEng Environmental Engineering @ Uganda Christian University,BEng Environmental Engineering @ University of Kigali,BEng Industrial Engineering @ AUCA (Adventist University of Central Africa),BEng Industrial Engineering @ Kenyatta University,BEng Industrial Engineering @ Moi University,BEng Industrial Engineering @ Mzumbe University,BEng Industrial Engineering @ University of Nairobi,BSc Artificial Intelligence @ Carnegie Mellon University Rwanda,BSc Artificial Intelligence @ Kyambogo University,BSc Artificial Intelligence @ Nelson Mandela African Institution of Science and Technology,BSc Artificial Intelligence @ Uganda Martyrs University,BSc Artificial Intelligence @ University of Dar es Salaam,BSc Business Analytics @ African Leadership University,BSc Business Analytics @ Makerere University,BSc Business Analytics @ Moi University,BSc Business Analytics @ Uganda Christian University,BSc Business Analytics @ University of Dodoma,BSc Computer Science @ Carnegie Mellon University Rwanda,BSc Computer Science @ Kyambogo University,BSc Computer Science @ Muhimbili University of Health and Allied Sciences,BSc Computer Science @ University of Kigali,BSc Cybersecurity @ Nelson Mandela African Institution of Science and Technology,BSc Cybersecurity @ Uganda Christian University,BSc Cybersecurity @ University of Kigali,BSc Data Science @ AUCA (Adventist University of Central Africa),BSc Data Science @ Ardhi University,BSc Data Science @ Carnegie Mellon University Rwanda,BSc Data Science @ Muhimbili University of Health and Allied Sciences,BSc Data Science @ Technical University of Kenya,BSc Economics @ Makerere University,BSc Economics @ University of Dar es Salaam,BSc Economics @ University of Rwanda,BSc Information Technology @ Ardhi University,BSc Information Technology @ United States International University Africa,BSc Information Technology @ University of Kigali,BSc Information Technology @ University of Nairobi,BSc Software Engineering @ Uganda Martyrs University,BSc Software Engineering @ University of Kigali,BSc Software Engineering @ University of Nairobi
AI Engineer,0.027179487179487184,0.030769230769230778,0.03435897435897437,0.036410256410256414,0.03794871794871796,0.04051282051282053,0.039487179487179495,0.044615384615384626,0.025641025641025647,0.03692307692307693,0.034871794871794884,0.034871794871794884,0.039487179487179495,0.0276923076923077,0.04102564102564104,0.030769230769230778,0.032307692307692315,0.02871794871794873,0.02974358974358975,0.028205128205128212,0.034871794871794884,0.025641025641025647,0.0358974358974359,0.7601994301994304,0.6640455840455841,0.8015954415954417,0.6421937321937323,0.7621367521367522,0.08316239316239317,0.08413105413105415,0.07680911680911683,0.06612535612535614,0.06347578347578348,0.7793162393162395,0.6102849002849003,0.6274074074074075,0.650854700854701,0.0,0.0,0.0,0.6535042735042736,0.6373219373219373,0.7893732193732195,0.6721937321937324,0.6243874643874646,0.04102564102564104,0.04153846153846155,0.039487179487179495,0.06726495726495726,0.0731908831908832,0.05894586894586895,0.08470085470085471,0.03794871794871796,0.030256410256410262,0.03794871794871796
Accountant,0.13595870206489677,0.1397935103244838,0.15268436578171093,0.25174041297935107,0.25917404129793514,0.27053097345132743,0.3041002949852507,0.3343952802359882,0.29707964601769915,0.3499115044247788,0.2714749262536873,0.07070796460176992,0.0779646017699115,0.0500589970501475,0.06233038348082597,0.06327433628318585,0.06469026548672567,0.056961651917404134,0.02737463126843658,0.02595870206489676,0.03209439528023599,0.023598820058997053,0.03303834808259587,0.07731563421828909,0.05637168141592921,0.0763126843657817,0.05548672566371682,0.06855457227138644,0.1521533923303835,0.15079646017699117,0.1294100294985251,0.11336283185840708,0.14412979351032448,0.033982300884955755,0.024542772861356935,0.025014749262536877,0.024542772861356935,0.0,0.0,0.0,0.09575221238938052,0.09592920353982301,0.11050147492625369,0.10333333333333335,0.08227138643067847,0.3276696165191741,0.3415339233038348,0.3097050147492625,0.0855457227138643,0.08669616519174042,0.08731563421828908,0.10616519174041299,0.03492625368731563,0.027846607669616517,0.03492625368731563
Actuary,0.2300576368876081,0.2288472622478386,0.23703170028818446,0.2446397694524496,0.2531412103746398,0.27861671469740634,0.34706051873198857,0.37573487031700287,0.30864553314121046,0.38576368876080697,0.29682997118155624,0.07299711815561961,0.08060518731988472,0.05201729106628243,0.06550432276657062,0.08878962536023055,0.10406340057636891,0.08925072046109513,0.030086455331412108,0.028530259365994244,0.03527377521613834,0.025936599423631128,0.03631123919308358,0.1686455331412104,0.1297406340057637,0.16634005763688764,0.11792507204610951,0.15282420749279543,0.34498559077809804,0.3444956772334294,0.2622766570605188,0.26351585014409223,0.2990201729106629,0.08279538904899138,0.05435158501440923,0.05651296829971182,0.06256484149855908,0.0,0.0,0.0,0.22749279538904899,0.23599423631123922,0.2687608069164265,0.23135446685878966,0.22066282420749284,0.3242939481268012,0.3377809798270894,0.2991930835734871,0.1822478386167147,0.18691642651296833,0.18172910662824207,0.22051873198847266,0.03838616714697407,0.030605187319884732,0.03838616714697407
Aerospace Engineering,0.0694343891402715,0.06751131221719457,0.07418552036199094,0.049185520361990955,0.04714932126696832,0.05895927601809954,0.08744343891402714,0.09144796380090496,0.06807692307692308,0.09063348416289593,0.0747737556561086,0.11617647058823528,0.12368778280542987,0.10642533936651584,0.11418552036199095,0.14391402714932125,0.15192307692307694,0.1586425339366516,0.10040723981900453,0.10384615384615384,0.10441176470588236,0.10481900452488688,0.11877828054298642,0.06506787330316742,0.0471945701357466,0.06416289592760181,0.04647058823529411,0.05764705882352941,0.0947737556561086,0.09484162895927602,0.07791855203619909,0.0740497737556561,0.07839366515837103,0.02932126696832579,0.021176470588235293,0.02158371040723982,0.021176470588235293,0.02692307692307692,0.02769230769230769,0.028461538461538458,0.0504524886877828,0.049683257918552035,0.05723981900452489,0.05701357466063348,0.04588235294117647,0.08470588235294119,0.08981900452488689,0.0834841628959276,0.06925339366515837,0.07703619909502263,0.06798642533936651,0.08728506787330316,0.03013574660633484,0.02402714932126697,0.03013574660633484
Agricultural Engineering,0.11000000000000001,0.11593380614657212,0.12442080378250592,0.07635933806146573,0.06742316784869977,0.08770685579196218,0.11408983451536645,0.1206146572104019,0.09579196217494089,0.12066193853427899,0.0924822695035461,0.11721040189125297,0.1221276595744681,0.10732860520094566,0.12470449172576833,0.2756501182033097,0.28848699763593383,0.28555555555555556,0.04678486997635934,0.05555555555555556,0.05104018912529552,0.0506146572104019,0.06153664302600473,0.0679905437352246,0.049314420803782504,0.06704491725768323,0.04855791962174941,0.06023640661938535,0.15879432624113476,0.15735224586288418,0.13059101654846336,0.12579196217494093,0.13638297872340427,0.030638297872340427,0.02212765957446809,0.022553191489361704,0.02212765957446809,0.0,0.0,0.0,0.05271867612293144,0.051914893617021285,0.059810874704491736,0.059574468085106386,0.04794326241134752,0.08813238770685582,0.09725768321513005,0.08534278959810876,0.05026004728132389,0.049550827423167854,0.048936170212765966,0.06307328605200946,0.03148936170212766,0.025106382978723408,0.03148936170212766
Auditor,0.15921052631578947,0.17076023391812867,0.18274853801169588,0.18046783625730992,0.18260233918128652,0.21578947368421053,0.31818713450292396,0.34643274853801165,0.2999415204678363,0.3557894736842105,0.27473684210526317,0.033801169590643276,0.03827485380116959,0.026842105263157893,0.039766081871345026,0.1171345029239766,0.13435672514619884,0.12491228070175438,0.02883040935672514,0.027339181286549708,0.033801169590643276,0.024853801169590642,0.03479532163742689,0.08157894736842104,0.05950292397660819,0.08052631578947368,0.0585672514619883,0.0723391812865497,0.18956140350877193,0.18687134502923977,0.14730994152046784,0.1428654970760234,0.1737719298245614,0.035789473684210524,0.025847953216374266,0.02634502923976608,0.025847953216374266,0.03684210526315789,0.03789473684210526,0.03894736842105263,0.06347953216374268,0.06204678362573099,0.07160818713450291,0.07146198830409356,0.05771929824561404,0.2760526315789474,0.29549707602339176,0.26532163742690057,0.08903508771929823,0.09970760233918129,0.08774853801169591,0.11233918128654968,0.03678362573099415,0.029327485380116952,0.03678362573099415
Automotive Engineering,0.06730038022813688,0.08,0.09026615969581749,0.04859315589353612,0.05064638783269962,0.05406844106463879,0.05269961977186312,0.059543726235741445,0.034220532319391636,0.049277566539923955,0.046539923954372626,0.1925855513307985,0.2052851711026616,0.1758174904942966,0.18904942965779473,0.11889733840304181,0.13304182509505705,0.12866920152091255,0.2116730038022814,0.2055513307984791,0.2208365019011407,0.215361216730038,0.2440684410646388,0.05885931558935361,0.03490494296577947,0.05612167300380228,0.03490494296577947,0.05064638783269962,0.10973384030418251,0.10942965779467681,0.09718631178707224,0.0838022813688213,0.08448669201520913,0.049277566539923955,0.0355893536121673,0.036273764258555136,0.0355893536121673,0.0,0.0,0.0,0.04038022813688213,0.05064638783269962,0.05543726235741445,0.05201520912547529,0.03695817490494297,0.05475285171102662,0.05543726235741445,0.05269961977186312,0.04859315589353612,0.049277566539923955,0.04038022813688213,0.05885931558935361,0.05064638783269962,0.04038022813688213,0.05064638783269962
Backend Developer,0.06593023255813953,0.06488372093023255,0.06645348837209303,0.03715116279069767,0.03872093023255813,0.04133720930232558,0.040290697674418605,0.04552325581395348,0.026162790697674417,0.03767441860465116,0.03558139534883721,0.03558139534883721,0.040290697674418605,0.02825581395348837,0.04186046511627907,0.0313953488372093,0.03296511627906976,0.02930232558139535,0.030348837209302322,0.028779069767441857,0.03558139534883721,0.026162790697674417,0.03662790697674418,0.19781976744186042,0.16238372093023254,0.20694767441860462,0.15982558139534883,0.185203488372093,0.15906976744186044,0.1622093023255814,0.14180232558139533,0.12401162790697676,0.13656976744186045,0.43220930232558136,0.354563953488372,0.37563953488372087,0.33732558139534874,0.03069767441860465,0.035348837209302326,0.03488372093023256,0.133953488372093,0.1428488372093023,0.1690116279069767,0.14965116279069765,0.1266279069767442,0.04186046511627907,0.04238372093023256,0.040290697674418605,0.2738081395348837,0.24595930232558136,0.25281976744186047,0.3124709302325581,0.413313953488372,0.41781976744186045,0.49311046511627904
Biomedical Engineering,0.08988479262672813,0.09013824884792629,0.09435483870967744,0.07442396313364058,0.06571428571428574,0.08548387096774195,0.08391705069124426,0.09211981566820279,0.07050691244239633,0.08958525345622122,0.06838709677419356,0.08755760368663597,0.09299539170506915,0.07405529953917053,0.08288018433179725,0.1175345622119816,0.12870967741935488,0.12792626728110604,0.07288018433179726,0.07479262672811063,0.07850230414746547,0.07476958525345624,0.08873271889400923,0.06626728110599081,0.048064516129032266,0.06534562211981569,0.04732718894009217,0.05870967741935485,0.12490783410138252,0.127557603686636,0.10000000000000002,0.09458525345622122,0.10343317972350233,0.029861751152073738,0.0215668202764977,0.021981566820276504,0.0215668202764977,0.0,0.0,0.0,0.05138248847926268,0.05059907834101384,0.05829493087557605,0.05806451612903227,0.04672811059907835,0.11783410138248852,0.12672811059907838,0.11304147465437792,0.04898617511520739,0.04829493087557605,0.047695852534562225,0.0614746543778802,0.030691244239631345,0.024470046082949316,0.030691244239631345
Blockchain Developer,0.0265,0.03,0.0335,0.0355,0.037,0.0395,0.0385,0.0435,0.024999999999999998,0.036,0.034,0.034,0.0385,0.027,0.04,0.03,0.0315,0.028,0.028999999999999998,0.0275,0.034,0.024999999999999998,0.034999999999999996,0.1043235294117647,0.07755882352941178,0.11423529411764706,0.08461764705882352,0.1058235294117647,0.041499999999999995,0.0435,0.039,0.027,0.0355,0.7894117647058824,0.6472647058823529,0.6653823529411763,0.678529411764706,0.0811470588235294,0.054147058823529416,0.07488235294117648,0.05729411764705882,0.0683235294117647,0.07711764705882353,0.05961764705882353,0.06141176470588235,0.04,0.0405,0.0385,0.13047058823529412,0.12682352941176472,0.12744117647058825,0.16791176470588237,0.10167647058823528,0.09170588235294118,0.10900000000000001
Business Analyst,0.6342352941176469,0.6468235294117646,0.6506764705882353,0.1914705882352941,0.181,0.21720588235294114,0.2997058823529411,0.3480588235294117,0.2797647058823529,0.34767647058823525,0.28758823529411753,0.071,0.07476470588235293,0.06858823529411764,0.07985294117647057,0.12949999999999998,0.14841176470588233,0.13499999999999998,0.05820588235294117,0.06911764705882352,0.0635,0.06297058823529411,0.07655882352941173,0.1614705882352941,0.11647058823529409,0.1571176470588235,0.12388235294117646,0.15094117647058822,0.7756764705882353,0.7783529411764705,0.6301470588235293,0.6365882352941177,0.6890882352941177,0.06964705882352941,0.06423529411764706,0.06288235294117646,0.062352941176470576,0.0,0.0,0.0,0.17973529411764705,0.17676470588235293,0.1881470588235294,0.17267647058823526,0.15267647058823527,0.2952058823529411,0.310235294117647,0.2991470588235294,0.1562647058823529,0.15955882352941173,0.15302941176470586,0.19332352941176467,0.06458823529411764,0.06511764705882352,0.0772941176470588
Chemical Engineering,0.04041095890410958,0.04803652968036529,0.05420091324200913,0.029178082191780818,0.030410958904109588,0.03246575342465753,0.062305936073059356,0.06525114155251141,0.04422374429223744,0.06296803652968036,0.053173515981735156,0.11358447488584474,0.11824200913242008,0.10356164383561642,0.12054794520547947,0.14310502283105023,0.1408447488584475,0.15406392694063925,0.07639269406392693,0.08059360730593607,0.07968036529680365,0.074337899543379,0.08844748858447489,0.03534246575342465,0.02095890410958904,0.0336986301369863,0.02095890410958904,0.030410958904109588,0.0658904109589041,0.06570776255707762,0.058356164383561636,0.05031963470319634,0.05073059360730593,0.02958904109589041,0.02136986301369863,0.021780821917808217,0.02136986301369863,0.027168949771689495,0.02794520547945205,0.02872146118721461,0.024246575342465753,0.030410958904109588,0.033287671232876716,0.031232876712328765,0.02219178082191781,0.03287671232876713,0.033287671232876716,0.031643835616438354,0.05052511415525114,0.05947488584474885,0.04559360730593607,0.06251141552511415,0.030410958904109588,0.024246575342465753,0.030410958904109588
Civil Engineering,0.09025641025641025,0.09417249417249417,0.10536130536130536,0.05067599067599068,0.048578088578088575,0.06074592074592074,0.08638694638694638,0.08983682983682982,0.06909090909090908,0.08764568764568766,0.07328671328671328,0.09237762237762237,0.09293706293706293,0.08634032634032635,0.09673659673659674,0.1521911421911422,0.1582051282051282,0.1668997668997669,0.047412587412587415,0.05664335664335664,0.05160839160839161,0.0516083916083916,0.06251748251748251,0.06703962703962704,0.048624708624708614,0.06610722610722611,0.04787878787878787,0.05939393939393939,0.12988344988344988,0.12573426573426572,0.10955710955710955,0.10643356643356644,0.11198135198135198,0.030209790209790206,0.021818181818181816,0.022237762237762238,0.021818181818181816,0.0,0.0,0.0,0.051981351981351974,0.05118881118881118,0.05897435897435897,0.05874125874125873,0.047272727272727265,0.05855477855477856,0.06382284382284382,0.05916083916083916,0.049557109557109555,0.048857808857808854,0.04825174825174825,0.06219114219114218,0.031048951048951046,0.024755244755244755,0.031048951048951046
Computer Engineering,0.04097222222222222,0.0487037037037037,0.054953703703703706,0.029583333333333333,0.030833333333333334,0.03291666666666667,0.03208333333333333,0.03625,0.020833333333333332,0.03,0.028333333333333335,0.054259259259259264,0.05726851851851852,0.05212962962962963,0.06111111111111112,0.07092592592592592,0.07152777777777777,0.08,0.07194444444444444,0.07328703703703704,0.07759259259259259,0.07342592592592591,0.08731481481481482,0.06175925925925926,0.044583333333333336,0.06564814814814815,0.04532407407407407,0.056388888888888884,0.06680555555555555,0.06662037037037037,0.059166666666666666,0.05101851851851852,0.05143518518518518,0.06259259259259259,0.04981481481481481,0.04097222222222222,0.0512962962962963,0.034583333333333334,0.023333333333333338,0.03291666666666667,0.024583333333333332,0.030833333333333334,0.03375,0.03166666666666667,0.0225,0.03333333333333333,0.03375,0.03208333333333333,0.08027777777777777,0.07694444444444444,0.08152777777777778,0.10310185185185186,0.050462962962962966,0.052361111111111115,0.06194444444444444
Construction Engineering,0.11662878787878789,0.11367424242424244,0.12617424242424244,0.08446969696969697,0.08071969696969698,0.10151515151515153,0.14587121212121212,0.15140151515151515,0.11715909090909092,0.14825757575757575,0.12363636363636366,0.09602272727272729,0.1143939393939394,0.08,0.09340909090909093,0.09178030303030303,0.09382575757575759,0.08261363636363638,0.14125000000000001,0.11750000000000002,0.14833333333333334,0.13204545454545455,0.15257575757575761,0.11208333333333333,0.08178030303030302,0.11064393939393939,0.08049242424242424,0.09939393939393941,0.15768939393939396,0.1539772727272727,0.13367424242424242,0.1256818181818182,0.14757575757575758,0.049090909090909095,0.03545454545454546,0.03613636363636364,0.03545454545454546,0.0,0.0,0.0,0.08723484848484848,0.08522727272727273,0.09837121212121214,0.09818181818181819,0.07931818181818183,0.09768939393939395,0.10674242424242426,0.09886363636363638,0.0825378787878788,0.08128787878787878,0.08079545454545455,0.10371212121212121,0.05045454545454546,0.04022727272727273,0.05045454545454546
Control Systems Engineering,0.06879245283018867,0.08166037735849055,0.0921132075471698,0.05090566037735848,0.0530566037735849,0.056641509433962255,0.05520754716981131,0.06237735849056603,0.03584905660377358,0.05162264150943395,0.04875471698113207,0.09101886792452829,0.09626415094339622,0.08701886792452829,0.10264150943396226,0.07984905660377356,0.0850188679245283,0.08362264150943396,0.11947169811320753,0.12154716981132074,0.1290566037735849,0.12158490566037733,0.1449811320754717,0.06166037735849055,0.03656603773584905,0.05879245283018866,0.03656603773584905,0.0530566037735849,0.1120377358490566,0.11188679245283017,0.09939622641509432,0.08520754716981131,0.08652830188679245,0.05162264150943395,0.037283018867924525,0.03799999999999999,0.037283018867924525,0.0,0.0,0.0,0.04230188679245282,0.0530566037735849,0.058075471698113196,0.05449056603773584,0.038716981132075466,0.05735849056603773,0.058075471698113196,0.05520754716981131,0.05090566037735848,0.05162264150943395,0.04230188679245282,0.06166037735849055,0.0530566037735849,0.04230188679245282,0.0530566037735849
Corporate Finance Manager,0.25478134110787176,0.25679300291545193,0.24650145772594753,0.4018950437317785,0.4024198250728863,0.4280466472303208,0.5031486880466474,0.5688338192419825,0.4762973760932945,0.573790087463557,0.4590087463556853,0.033702623906705545,0.03816326530612245,0.02676384839650146,0.03965014577259476,0.0889795918367347,0.10352769679300293,0.08886297376093295,0.057988338192419824,0.06492711370262393,0.05798833819241983,0.06492711370262391,0.06839650145772595,0.08134110787172012,0.05932944606413995,0.08029154518950438,0.05839650145772596,0.07212827988338194,0.22749271137026245,0.22212827988338196,0.18233236151603502,0.18892128279883386,0.1939650145772595,0.03568513119533528,0.02577259475218659,0.026268221574344025,0.02577259475218659,0.03125364431486881,0.02612244897959184,0.032186588921282795,0.06329446064139942,0.06186588921282799,0.071399416909621,0.0712536443148688,0.057551020408163275,0.5095626822157435,0.5236151603498543,0.5052769679300292,0.0902332361516035,0.080932944606414,0.08801749271137027,0.11072886297376094,0.03667638483965015,0.029241982507288627,0.03667638483965015
Cybersecurity Engineer,0.0,0.0,0.0,0.0,0.0,0.0,0.0396165191740413,0.03811209439528024,0.030589970501474925,0.04312684365781711,0.03259587020648968,0.0,0.0,0.0,0.0,0.02657817109144543,0.029085545722713862,0.034100294985250745,0.0,0.0,0.0,0.0,0.0,0.0,0.0,0.0,0.0,0.0,0.0,0.0,0.0,0.0,0.0,0.07775811209439529,0.07144542772861359,0.06985250737463128,0.07079646017699116,0.7816519174041298,0.594542772861357,0.7020648967551624,0.0,0.0,0.0,0.0,0.0,0.0,0.0,0.0,0.6891150442477877,0.6753392330383481,0.6067551622418879,0.7864306784660767,0.06663716814159293,0.05707964601769912,0.07123893805309735
Data Analyst,0.21351097178683387,0.19344827586206897,0.1865830721003135,0.09203761755485894,0.08730407523510973,0.10501567398119123,0.09758620689655174,0.11203761755485893,0.0836677115987461,0.11492163009404391,0.0893730407523511,0.034106583072100315,0.03862068965517242,0.027084639498432605,0.04012539184952979,0.06724137931034484,0.0687460815047022,0.06053291536050157,0.02909090909090909,0.02758620689655173,0.034106583072100315,0.025078369905956115,0.03510971786833856,0.37347962382445143,0.28993730407523516,0.3607210031347963,0.3062068965517242,0.34260188087774296,0.7690282131661442,0.7795297805642634,0.6499059561128527,0.6386833855799373,0.6431034482758621,0.1584639498432602,0.13253918495297806,0.1461128526645768,0.13037617554858935,0.0,0.0,0.0,0.6479623824451409,0.6560815047021945,0.7645454545454548,0.6287774294670847,0.6446394984326019,0.1531034482758621,0.16667711598746082,0.1553918495297806,0.6427272727272728,0.6274294670846395,0.6355485893416928,0.7563949843260189,0.094858934169279,0.09420062695924765,0.12231974921630095
Data Scientist,0.10672566371681415,0.08575221238938054,0.0912094395280236,0.024778761061946906,0.02079646017699115,0.03274336283185841,0.031415929203539826,0.03274336283185841,0.029646017699115047,0.034513274336283185,0.02699115044247788,0.0,0.0,0.0,0.0,0.034955752212389384,0.034955752212389384,0.030530973451327433,0.0,0.0,0.0,0.0,0.0,0.7740412979351033,0.6310029498525074,0.7825958702064897,0.6293805309734514,0.7439233038348083,0.2937758112094395,0.3192920353982301,0.25988200589970506,0.25147492625368734,0.2704424778761062,0.3980530973451328,0.33749262536873154,0.36020648967551633,0.3643952802359883,0.0,0.0,0.0,0.6678466076696167,0.6431858407079646,0.7816814159292036,0.6360176991150442,0.6570206489675516,0.06525073746312685,0.078023598820059,0.07448377581120944,0.2995870206489676,0.2994395280235988,0.29460176991150444,0.33383480825958706,0.04920353982300885,0.06265486725663716,0.07424778761061948
DevOps Engineer,0.026578171091445425,0.030088495575221235,0.033598820058997045,0.03560471976401179,0.03710914454277286,0.03961651917404129,0.03861356932153392,0.043628318584070784,0.025073746312684362,0.03610619469026548,0.03410029498525074,0.03410029498525074,0.03861356932153392,0.027079646017699112,0.040117994100294985,0.030088495575221235,0.03159292035398229,0.02808259587020649,0.029085545722713855,0.0275811209439528,0.03410029498525074,0.025073746312684362,0.035103244837758105,0.14890855457227137,0.13495575221238937,0.16035398230088496,0.11997050147492624,0.13976401179941003,0.04162241887905604,0.043628318584070784,0.039115044247787605,0.027079646017699112,0.03560471976401179,0.07764011799410028,0.06194690265486725,0.05064896755162241,0.06383480825958701,0.07268436578171092,0.06418879056047197,0.059941002949852495,0.06303834808259585,0.067905604719764,0.08150442477876105,0.07262536873156342,0.05734513274336282,0.040117994100294985,0.040619469026548664,0.03861356932153392,0.6521533923303836,0.6374926253687316,0.6659292035398229,0.7753097345132743,0.6497345132743363,0.6034513274336282,0.7813274336283185
Economist,0.18994285714285714,0.16925714285714286,0.1922857142857143,0.15845714285714288,0.1515142857142857,0.17328571428571427,0.17320000000000002,0.1888857142857143,0.15491428571428573,0.1854857142857143,0.1424857142857143,0.03497142857142858,0.0396,0.027771428571428575,0.04114285714285715,0.11994285714285716,0.14360000000000003,0.12411428571428572,0.02982857142857143,0.02828571428571429,0.03497142857142858,0.025714285714285714,0.036,0.11737142857142858,0.08382857142857143,0.11485714285714284,0.09297142857142858,0.10937142857142858,0.22091428571428576,0.226,0.17834285714285714,0.17522857142857146,0.1900571428571429,0.03702857142857143,0.026742857142857145,0.027257142857142858,0.026742857142857145,0.0,0.0,0.0,0.10074285714285716,0.09565714285714286,0.10565714285714287,0.09577142857142858,0.08217142857142858,0.7717142857142857,0.7865714285714286,0.7648857142857142,0.08725714285714287,0.09554285714285715,0.09160000000000001,0.11462857142857144,0.03805714285714286,0.030342857142857144,0.03805714285714286
Electrical Engineering,0.07104166666666668,0.06907407407407408,0.07590277777777778,0.05032407407407409,0.04824074074074075,0.06032407407407408,0.05837962962962964,0.06365740740740741,0.04564814814814815,0.05888888888888891,0.05092592592592594,0.11685185185185186,0.12467592592592597,0.10712962962962964,0.11497685185185187,0.15129629629629632,0.15326388888888892,0.16379629629629633,0.10613425925925928,0.10180555555555555,0.11053240740740743,0.10761574074074075,0.12247685185185188,0.06657407407407409,0.04828703703703704,0.06564814814814816,0.047546296296296295,0.05898148148148149,0.0969675925925926,0.09703703703703705,0.07972222222222222,0.0757638888888889,0.08020833333333334,0.030000000000000002,0.02166666666666667,0.022083333333333337,0.02166666666666667,0.0,0.0,0.0,0.05162037037037037,0.05083333333333334,0.058564814814814826,0.05833333333333334,0.04694444444444445,0.058148148148148164,0.06337962962962965,0.05875000000000001,0.04921296296296297,0.04851851851851852,0.04791666666666668,0.06175925925925927,0.030833333333333338,0.024583333333333336,0.030833333333333338
Energy Engineering,0.10745958429561203,0.11325635103926097,0.12154734411085451,0.07459584295612011,0.0658660508083141,0.08568129330254041,0.1424711316397229,0.1476674364896074,0.11752886836027715,0.15163972286374136,0.11586605080831408,0.20563510392609702,0.21431870669745962,0.18452655889145497,0.18508083140877601,0.24551963048498848,0.2541108545034642,0.262540415704388,0.07672055427251732,0.07939953810623558,0.07969976905311779,0.08006928406466512,0.0915242494226328,0.06642032332563512,0.04817551963048499,0.06549653579676676,0.047436489607390296,0.05884526558891456,0.15512702078521942,0.15371824480369517,0.1275750577367206,0.12288683602771365,0.13323325635103928,0.029930715935334876,0.021616628175519632,0.022032332563510396,0.021616628175519632,0.02748267898383372,0.028267898383371827,0.02905311778290993,0.05150115473441109,0.05071593533487299,0.058429561200923796,0.0581986143187067,0.04683602771362587,0.0860969976905312,0.09501154734411088,0.08337182448036953,0.07069284064665128,0.07863741339491918,0.06939953810623557,0.08909930715935335,0.0307621247113164,0.02452655889145497,0.0307621247113164
Entrepreneur,0.23426183844011145,0.22626740947075208,0.22768802228412255,0.09774373259052926,0.08729805013927577,0.11350974930362118,0.21493036211699165,0.2405013927576602,0.1890807799442897,0.23130919220055712,0.19852367688022288,0.035988857938718664,0.04075208913649025,0.02857938718662953,0.04233983286908078,0.09977715877437326,0.10136490250696378,0.09027855153203343,0.030696378830083564,0.029108635097493035,0.035988857938718664,0.026462395543175487,0.03704735376044568,0.08713091922005571,0.0635933147632312,0.086016713091922,0.06259052924791086,0.07727019498607243,0.19924791086350976,0.18888579387186627,0.1585515320334262,0.17100278551532036,0.1813091922005571,0.0381058495821727,0.027520891364902506,0.028050139275766016,0.027520891364902506,0.04167130919220056,0.028412256267409473,0.024623955431754874,0.06782729805013928,0.06623955431754876,0.0764623955431755,0.07632311977715878,0.06167130919220057,0.11303621169916435,0.12459610027855153,0.11947075208913649,0.09066852367688022,0.08969359331476323,0.08696378830083566,0.11849582172701949,0.07373259052924791,0.05727019498607243,0.07231197771587744
Environmental Engineering,0.09135831381733023,0.09161592505854801,0.09590163934426232,0.07564402810304452,0.06679156908665107,0.08688524590163935,0.11674473067915693,0.12388758782201406,0.09594847775175645,0.12529274004683844,0.09538641686182672,0.11611241217798596,0.12098360655737707,0.10632318501170963,0.12353629976580799,0.6288992974238877,0.6706557377049182,0.6507494145199063,0.04634660421545668,0.055035128805620614,0.050562060889929754,0.05014051522248244,0.06096018735362998,0.06735362997658081,0.04885245901639344,0.06641686182669791,0.04810304449648712,0.05967213114754099,0.12695550351288057,0.12964871194379393,0.1016393442622951,0.09613583138173304,0.1051288056206089,0.030351288056206092,0.02192037470725996,0.022341920374707263,0.02192037470725996,0.027868852459016394,0.028665105386416864,0.029461358313817333,0.0522248243559719,0.051428571428571435,0.05925058548009369,0.05901639344262296,0.04749414519906324,0.11915690866510542,0.1285714285714286,0.11077283372365342,0.07168618266978924,0.07974238875878221,0.07037470725995316,0.09035128805620608,0.03119437939110071,0.024871194379391105,0.03119437939110071
Financial Analyst,0.2185373134328358,0.21608955223880594,0.20280597014925375,0.6288059701492537,0.6420597014925374,0.6630746268656716,0.6573134328358209,0.7608059701492538,0.6283283582089552,0.7774626865671642,0.6056119402985075,0.03247761194029851,0.03677611940298508,0.025791044776119407,0.038208955223880604,0.08695522388059702,0.10176119402985076,0.08725373134328358,0.05588059701492537,0.06256716417910448,0.05588059701492538,0.06256716417910448,0.06591044776119404,0.07823880597014925,0.057044776119402986,0.07722388059701492,0.05614925373134328,0.0693731343283582,0.2266268656716418,0.23047761194029853,0.18223880597014924,0.16394029850746267,0.19265671641791046,0.034388059701492536,0.02483582089552239,0.0253134328358209,0.02483582089552239,0.0,0.0,0.0,0.09901492537313433,0.09928358208955225,0.11435820895522389,0.10668656716417911,0.08489552238805971,0.7894029850746269,0.8104179104477612,0.7792238805970149,0.08826865671641791,0.08955223880597014,0.09023880597014926,0.10949253731343284,0.03534328358208955,0.02817910447761194,0.03534328358208955
Frontend Developer,0.027335243553008592,0.030945558739255013,0.03455587392550143,0.03661891117478509,0.03816618911174785,0.040744985673352434,0.0397134670487106,0.04487106017191977,0.025787965616045842,0.03713467048710601,0.03507163323782235,0.03507163323782235,0.0397134670487106,0.02785100286532951,0.04126074498567335,0.030945558739255013,0.032492836676217766,0.02888252148997135,0.029914040114613176,0.02836676217765043,0.03507163323782235,0.025787965616045842,0.036103151862464176,0.11401146131805155,0.09352435530085959,0.12558739255014323,0.09255014326647563,0.10879656160458451,0.042808022922636094,0.04487106017191977,0.04022922636103152,0.02785100286532951,0.03661891117478509,0.5106876790830945,0.4129799426934097,0.40724928366762175,0.4036962750716332,0.0,0.0,0.0,0.030429799426934093,0.03816618911174785,0.04177650429799427,0.039197707736389684,0.02785100286532951,0.04126074498567335,0.04177650429799427,0.0397134670487106,0.10177650429799426,0.090945558739255,0.10409742120343837,0.12286532951289397,0.4511747851002865,0.45252148997134667,0.5475071633237821
Full Stack Developer,0.062132132132132124,0.06138138138138138,0.06303303303303304,0.036246246246246235,0.03777777777777777,0.04033033033033032,0.0393093093093093,0.044414414414414405,0.025525525525525523,0.03675675675675675,0.03471471471471471,0.03471471471471471,0.0393093093093093,0.027567567567567564,0.04084084084084084,0.030630630630630627,0.03216216216216216,0.028588588588588586,0.0296096096096096,0.028078078078078075,0.03471471471471471,0.025525525525525523,0.03573573573573573,0.1512312312312312,0.12066066066066064,0.16117117117117113,0.11783783783783781,0.1441141141141141,0.11486486486486486,0.11858858858858858,0.10189189189189188,0.08306306306306305,0.10528528528528527,0.7560960960960961,0.6500600600600601,0.6405105105105104,0.5964564564564564,0.0,0.0,0.0,0.10234234234234232,0.10069069069069068,0.11786786786786785,0.1101201201201201,0.09363363363363363,0.04084084084084084,0.041351351351351345,0.0393093093093093,0.13459459459459455,0.11564564564564563,0.12969969969969966,0.16255255255255255,0.6309309309309308,0.6317717717717717,0.7747447447447446
Game Developer,0.02856287425149701,0.032335329341317366,0.036107784431137734,0.038263473053892216,0.03988023952095809,0.0425748502994012,0.04149700598802396,0.04688622754491018,0.02694610778443114,0.03880239520958084,0.03664670658682635,0.03664670658682635,0.04149700598802396,0.02910179640718563,0.04311377245508983,0.032335329341317366,0.03395209580838324,0.030179640718562883,0.03125748502994012,0.029640718562874258,0.03664670658682635,0.02694610778443114,0.0377245508982036,0.12212574850299401,0.0932934131736527,0.12461077844311377,0.09374251497005988,0.11568862275449102,0.04473053892215569,0.04688622754491018,0.042035928143712584,0.02910179640718563,0.038263473053892216,0.16236526946107785,0.11946107784431138,0.10853293413173654,0.1347305389221557,0.03161676646706587,0.036407185628742525,0.035928143712574856,0.06437125748502995,0.07398203592814372,0.08488023952095809,0.07964071856287426,0.06218562874251497,0.04311377245508983,0.04365269461077845,0.04149700598802396,0.092874251497006,0.09820359281437127,0.09263473053892217,0.1287425149700599,0.12724550898203593,0.13077844311377246,0.15473053892215569
Geotechnical Engineering,0.115632183908046,0.11187739463601531,0.1228352490421456,0.08329501915708813,0.07984674329501916,0.09984674329501915,0.14808429118773947,0.15486590038314174,0.11528735632183908,0.15348659003831416,0.12662835249042145,0.18727969348659007,0.1953256704980843,0.17088122605363987,0.19923371647509583,0.2475478927203065,0.24735632183908046,0.24842911877394638,0.07371647509578544,0.08697318007662837,0.08061302681992337,0.07923371647509578,0.09670498084291188,0.11019157088122607,0.07992337164750957,0.10865900383141763,0.07869731800766283,0.09762452107279693,0.1571647509578544,0.15747126436781608,0.12919540229885057,0.12245210727969348,0.13049808429118773,0.0496551724137931,0.03586206896551724,0.036551724137931035,0.03586206896551724,0.04559386973180076,0.046896551724137925,0.048199233716475096,0.08544061302681992,0.08413793103448276,0.09693486590038315,0.09655172413793103,0.07770114942528736,0.09624521072796936,0.10490421455938699,0.09724137931034484,0.11727969348659005,0.13045977011494253,0.11513409961685825,0.14781609195402298,0.05103448275862069,0.04068965517241379,0.05103448275862069
Human Resource Manager,0.6259999999999999,0.6555072463768117,0.6424347826086956,0.0957391304347826,0.0851304347826087,0.11153623188405797,0.16892753623188406,0.1923188405797101,0.15092753623188404,0.18484057971014495,0.15330434782608696,0.0335072463768116,0.03794202898550725,0.026608695652173914,0.03942028985507247,0.07078260869565219,0.0722608695652174,0.06359420289855072,0.028579710144927533,0.02710144927536232,0.0335072463768116,0.024637681159420288,0.034492753623188405,0.08568115942028985,0.06321739130434782,0.08475362318840579,0.06217391304347826,0.07611594202898551,0.22944927536231882,0.2269855072463768,0.18408695652173912,0.18968115942028985,0.19544927536231885,0.035478260869565216,0.025623188405797102,0.026115942028985508,0.025623188405797102,0.0,0.0,0.0,0.09081159420289855,0.09802898550724637,0.10547826086956523,0.10979710144927537,0.09211594202898551,0.11084057971014494,0.12255072463768116,0.11739130434782608,0.08768115942028987,0.0861449275362319,0.08466666666666667,0.11878260869565217,0.03646376811594203,0.02907246376811594,0.03646376811594203
Industrial Engineering,0.1390804597701149,0.1466206896551724,0.14726436781609192,0.12117241379310342,0.1094022988505747,0.144183908045977,0.16356321839080457,0.18126436781609193,0.13572413793103447,0.18227586206896548,0.136367816091954,0.05866666666666666,0.06177011494252873,0.05668965517241379,0.06597701149425286,0.09926436781609192,0.11358620689655172,0.10386206896551724,0.19390804597701147,0.2175862068965517,0.20947126436781607,0.2005287356321839,0.2484597701149425,0.06809195402298848,0.04912643678160919,0.06708045977011494,0.04839080459770114,0.060275862068965506,0.16009195402298848,0.15882758620689652,0.13172413793103446,0.1265287356321839,0.13708045977011493,0.031448275862068956,0.022712643678160914,0.023149425287356317,0.022712643678160914,0.0,0.0,0.0,0.0526206896551724,0.052183908045977,0.06002298850574711,0.05967816091954022,0.04786206896551723,0.17742528735632182,0.19312643678160915,0.1837701149425287,0.050505747126436774,0.04983908045977011,0.04894252873563218,0.06331034482758618,0.03232183908045976,0.025770114942528732,0.03232183908045976
Investment Analyst,0.2437101449275362,0.2436521739130435,0.2566376811594203,0.36889855072463773,0.373304347826087,0.3909565217391304,0.6475942028985507,0.7715652173913043,0.6402608695652173,0.7712753623188406,0.6415072463768116,0.03547826086956522,0.04017391304347826,0.028173913043478264,0.04173913043478261,0.11771014492753623,0.13553623188405797,0.1252753623188406,0.030260869565217393,0.028695652173913046,0.03547826086956522,0.026086956521739132,0.036521739130434785,0.08336231884057972,0.06046376811594203,0.08220289855072464,0.05953623188405797,0.07385507246376811,0.3069565217391304,0.29915942028985504,0.24463768115942033,0.2509855072463768,0.2709275362318841,0.03756521739130435,0.0271304347826087,0.02765217391304348,0.0271304347826087,0.034492753623188405,0.035478260869565216,0.03646376811594203,0.0996231884057971,0.1001159420289855,0.11521739130434783,0.10802898550724639,0.08588405797101449,0.47965217391304343,0.4788115942028985,0.46240579710144925,0.11681159420289854,0.1287536231884058,0.1181449275362319,0.14582608695652174,0.03860869565217392,0.030782608695652174,0.03860869565217392
Investment Banker,0.22231884057971016,0.20846376811594203,0.23820289855072463,0.272,0.28785507246376807,0.3019420289855072,0.4335652173913044,0.4915072463768116,0.3984347826086957,0.5057101449275362,0.41286956521739127,0.0335072463768116,0.03794202898550725,0.026608695652173914,0.03942028985507247,0.09078260869565219,0.09457971014492754,0.0911304347826087,0.028579710144927533,0.02710144927536232,0.0335072463768116,0.024637681159420288,0.034492753623188405,0.0808695652173913,0.058985507246376814,0.07982608695652174,0.058057971014492754,0.07171014492753623,0.26504347826086955,0.25968115942028985,0.21582608695652172,0.21536231884057971,0.23718840579710143,0.035478260869565216,0.025623188405797102,0.026115942028985508,0.025623188405797102,0.032463768115942024,0.033391304347826084,0.034318840579710144,0.09997101449275361,0.1001159420289855,0.11533333333333333,0.10788405797101451,0.08591304347826088,0.39333333333333337,0.3967826086956522,0.3972173913043478,0.11481159420289853,0.12620289855072464,0.11666666666666668,0.14330434782608695,0.03646376811594203,0.02907246376811594,0.03646376811594203
Machine Learning Engineer,0.0636231884057971,0.06284057971014494,0.06452173913043478,0.03704347826086957,0.03860869565217392,0.04121739130434783,0.04017391304347826,0.04539130434782609,0.026086956521739132,0.03756521739130435,0.03547826086956522,0.03547826086956522,0.04017391304347826,0.028173913043478264,0.04173913043478261,0.03130434782608696,0.03286956521739131,0.029217391304347834,0.030260869565217393,0.028695652173913046,0.03547826086956522,0.026086956521739132,0.036521739130434785,0.7622898550724638,0.6239710144927535,0.7988985507246377,0.6409855072463767,0.7409275362318842,0.1562028985507246,0.16936231884057973,0.1348985507246377,0.12252173913043479,0.14414492753623187,0.46275362318840574,0.36669565217391314,0.399304347826087,0.42101449275362324,0.0,0.0,0.0,0.4117391304347826,0.4156231884057971,0.48443478260869566,0.39768115942028986,0.4095072463768116,0.04173913043478261,0.04226086956521739,0.04017391304347826,0.1998550724637681,0.19808695652173913,0.1835072463768116,0.23585507246376813,0.15611594202898552,0.16086956521739132,0.18055072463768115
Management Consultant,0.39377840909090905,0.3809090909090909,0.3938352272727272,0.12542613636363636,0.11835227272727271,0.15011363636363637,0.2811931818181818,0.3124715909090908,0.25420454545454546,0.31034090909090906,0.2571022727272727,0.0725,0.07633522727272728,0.07005681818181818,0.0815340909090909,0.15125,0.1712215909090909,0.16318181818181818,0.09982954545454545,0.10639204545454545,0.10420454545454545,0.0980681818181818,0.1165340909090909,0.08886363636363635,0.06485795454545454,0.08772727272727272,0.06383522727272727,0.07880681818181817,0.43315340909090905,0.4267613636363636,0.3416477272727272,0.3652272727272726,0.3563068181818182,0.03886363636363636,0.028068181818181815,0.02860795454545454,0.028068181818181815,0.031818181818181815,0.03272727272727272,0.03363636363636363,0.09380681818181817,0.10232954545454545,0.10985795454545454,0.11406250000000001,0.09525568181818182,0.18372159090909088,0.1927556818181818,0.18917613636363634,0.11650568181818181,0.12502840909090907,0.11272727272727272,0.1555681818181818,0.039943181818181815,0.03184659090909091,0.039943181818181815
Manufacturing Engineering,0.07018726591760298,0.08344569288389511,0.0941573033707865,0.08108614232209738,0.08831460674157303,0.10269662921348313,0.09235955056179773,0.11220973782771534,0.06805243445692882,0.0989887640449438,0.0891385767790262,0.1394756554307116,0.15606741573033706,0.129812734082397,0.14108614232209735,0.08153558052434455,0.08685393258426966,0.08569288389513109,0.6308988764044943,0.659438202247191,0.6434456928838952,0.6458801498127339,0.7499625468164794,0.06119850187265916,0.03629213483146067,0.05835205992509362,0.03629213483146067,0.05265917602996254,0.1144569288389513,0.11411985018726589,0.10134831460674155,0.08745318352059923,0.08808988764044942,0.05123595505617977,0.03700374531835206,0.03771535580524344,0.03700374531835206,0.0,0.0,0.0,0.04198501872659176,0.05265917602996254,0.057640449438202235,0.054082397003745314,0.03842696629213483,0.10149812734082396,0.1092134831460674,0.10891385767790258,0.050524344569288386,0.05123595505617977,0.04198501872659176,0.06119850187265916,0.05265917602996254,0.04198501872659176,0.05265917602996254
Marine Engineering,0.11625000000000002,0.11303030303030304,0.12420454545454546,0.08234848484848487,0.07893939393939395,0.09871212121212121,0.14640151515151517,0.1531060606060606,0.11397727272727273,0.15174242424242426,0.12518939393939396,0.1474621212121212,0.14844696969696972,0.1372727272727273,0.1543560606060606,0.2027651515151515,0.22026515151515155,0.21651515151515158,0.16890151515151514,0.17750000000000002,0.16382575757575762,0.17200757575757578,0.2038257575757576,0.10893939393939396,0.07901515151515151,0.10742424242424244,0.0778030303030303,0.09651515151515153,0.15867424242424244,0.1587878787878788,0.13045454545454546,0.12397727272727273,0.13125,0.049090909090909095,0.03545454545454546,0.03613636363636364,0.03545454545454546,0.045075757575757575,0.046363636363636364,0.04765151515151515,0.08446969696969697,0.08318181818181819,0.09583333333333335,0.09545454545454546,0.07681818181818183,0.09515151515151517,0.10371212121212123,0.09613636363636364,0.11594696969696972,0.12897727272727275,0.1138257575757576,0.14613636363636365,0.05045454545454546,0.04022727272727273,0.05045454545454546
Marketing Analyst,0.2868328445747801,0.27923753665689155,0.28809384164222873,0.1893841642228739,0.18026392961876833,0.20697947214076245,0.305366568914956,0.3475953079178885,0.28821114369501466,0.3445161290322581,0.27026392961876833,0.03589442815249267,0.040645161290322585,0.028504398826979475,0.04222873900293255,0.09639296187683284,0.11275659824046921,0.09668621700879766,0.0306158357771261,0.02903225806451613,0.03589442815249267,0.026392961876832845,0.03695014662756598,0.1229032258064516,0.08818181818181817,0.12038123167155426,0.09750733137829912,0.11448680351906157,0.35516129032258065,0.3465102639296187,0.2799120234604105,0.2925219941348974,0.3093548387096775,0.03800586510263929,0.02744868035190616,0.027976539589442816,0.02744868035190616,0.0,0.0,0.0,0.1642815249266862,0.17038123167155425,0.18319648093841642,0.17111436950146627,0.14548387096774193,0.3009970674486803,0.31601173020527856,0.2933431085043989,0.1447800586510264,0.15457478005865105,0.14985337243401758,0.19495601173020527,0.03906158357771261,0.031143695014662756,0.03906158357771261
Materials Engineering,0.08995327102803738,0.08990654205607475,0.09397196261682243,0.07546728971962617,0.06663551401869158,0.08668224299065419,0.08509345794392523,0.09341121495327102,0.07149532710280374,0.09084112149532711,0.06934579439252336,0.11672897196261682,0.12413551401869156,0.10663551401869158,0.11490654205607478,0.1427803738317757,0.15955607476635514,0.15663551401869158,0.15960280373831776,0.15261682242990654,0.16450934579439253,0.15672897196261681,0.1778971962616822,0.06719626168224299,0.04873831775700934,0.06626168224299066,0.04799065420560747,0.059532710280373824,0.12462616822429906,0.12742990654205608,0.09971962616822429,0.09411214953271028,0.10350467289719624,0.0302803738317757,0.02186915887850467,0.022289719626168224,0.02186915887850467,0.0,0.0,0.0,0.05210280373831775,0.05130841121495327,0.05911214953271028,0.05887850467289719,0.04738317757009346,0.11768691588785048,0.12670560747663553,0.11294392523364485,0.04967289719626169,0.04897196261682243,0.048364485981308415,0.06233644859813084,0.031121495327102802,0.024813084112149532,0.031121495327102802
Mechanical Engineering,0.08886046511627908,0.09246511627906977,0.10341860465116279,0.05055813953488373,0.04846511627906977,0.06060465116279069,0.08618604651162792,0.08962790697674419,0.06893023255813953,0.08744186046511629,0.07311627906976745,0.1157906976744186,0.12325581395348839,0.1062325581395349,0.11425581395348838,0.12551162790697676,0.1314418604651163,0.13451162790697674,0.1295813953488372,0.13651162790697677,0.1260232558139535,0.13420930232558143,0.15351162790697676,0.06688372093023257,0.04851162790697674,0.06595348837209303,0.04776744186046511,0.059255813953488376,0.12755813953488374,0.12353488372093024,0.1076279069767442,0.10439534883720931,0.11034883720930233,0.030139534883720932,0.021767441860465118,0.022186046511627908,0.021767441860465118,0.0,0.0,0.0,0.05186046511627907,0.05106976744186047,0.05883720930232559,0.0586046511627907,0.04716279069767442,0.0584186046511628,0.06367441860465117,0.05902325581395349,0.04944186046511629,0.04874418604651163,0.048139534883720934,0.06204651162790698,0.030976744186046512,0.024697674418604654,0.030976744186046512
Mechatronics Engineering,0.08784580498866215,0.09151927437641724,0.10235827664399093,0.05090702947845806,0.0489342403628118,0.060884353741496595,0.08578231292517007,0.08936507936507937,0.06834467120181408,0.0868934240362812,0.0728344671201814,0.1164172335600907,0.12376417233560093,0.10653061224489799,0.11503401360544219,0.1251700680272109,0.13133786848072565,0.1340589569160998,0.12700680272108844,0.1241950113378685,0.13276643990929707,0.12945578231292518,0.14712018140589572,0.06716553287981859,0.04845804988662132,0.06616780045351475,0.04773242630385488,0.05945578231292518,0.12625850340136058,0.1224263038548753,0.10671201814058957,0.10301587301587303,0.10920634920634924,0.031020408163265307,0.022403628117913833,0.022834467120181407,0.022403628117913833,0.0,0.0,0.0,0.051904761904761905,0.05147392290249434,0.05920634920634921,0.05886621315192745,0.047210884353741496,0.058775510204081644,0.06392290249433108,0.059297052154195014,0.08083900226757372,0.07854875283446713,0.0752154195011338,0.09755102040816327,0.06086167800453516,0.05643990929705216,0.066984126984127
Mining Engineering,0.1082093023255814,0.11404651162790698,0.1223953488372093,0.07511627906976745,0.06632558139534885,0.08627906976744186,0.14346511627906977,0.14869767441860465,0.11834883720930234,0.15269767441860466,0.11667441860465116,0.11895348837209303,0.12206976744186047,0.10188372093023257,0.11227906976744187,0.1630232558139535,0.18148837209302326,0.1827906976744186,0.07355813953488372,0.07548837209302327,0.07923255813953489,0.07546511627906977,0.08955813953488372,0.06688372093023257,0.04851162790697674,0.06595348837209303,0.04776744186046511,0.059255813953488376,0.15620930232558142,0.1547906976744186,0.12846511627906979,0.12374418604651165,0.13416279069767442,0.030139534883720932,0.021767441860465118,0.022186046511627908,0.021767441860465118,0.02767441860465116,0.028465116279069766,0.029255813953488374,0.05186046511627907,0.05106976744186047,0.05883720930232559,0.0586046511627907,0.04716279069767442,0.08669767441860467,0.09567441860465119,0.08395348837209303,0.07118604651162791,0.07918604651162792,0.06988372093023255,0.08972093023255813,0.030976744186046512,0.024697674418604654,0.030976744186046512
Nuclear Engineering,0.06744444444444445,0.0802962962962963,0.09062962962962963,0.04733333333333333,0.04933333333333333,0.052666666666666674,0.10400000000000001,0.10866666666666668,0.07400000000000001,0.10533333333333335,0.08866666666666667,0.14074074074074075,0.1494814814814815,0.11903703703703705,0.13322222222222221,0.15107407407407406,0.15555555555555559,0.17600000000000002,0.11714814814814815,0.12022222222222224,0.1261851851851852,0.12018518518518519,0.14262962962962963,0.05733333333333333,0.034,0.05466666666666667,0.034,0.04933333333333333,0.1101111111111111,0.10962962962962963,0.09733333333333334,0.08448148148148149,0.08448148148148148,0.048,0.03466666666666667,0.035333333333333335,0.03466666666666667,0.04666666666666667,0.048,0.04933333333333333,0.03933333333333334,0.04933333333333333,0.054000000000000006,0.05066666666666667,0.036000000000000004,0.05333333333333334,0.054000000000000006,0.051333333333333335,0.084,0.09933333333333334,0.076,0.104,0.04933333333333333,0.03933333333333334,0.04933333333333333
Petroleum Engineering,0.10647597254004579,0.11221967963386728,0.12043478260869567,0.07391304347826089,0.06526315789473686,0.08489702517162472,0.14297482837528605,0.14805491990846684,0.11784897025171627,0.15221967963386732,0.11629290617848972,0.08160183066361558,0.08855835240274601,0.07606407322654463,0.09141876430205952,0.16803203661327235,0.1708009153318078,0.17757437070938217,0.045286041189931354,0.05377574370709383,0.0494050343249428,0.04899313501144165,0.05956521739130435,0.06581235697940505,0.04773455377574371,0.06489702517162473,0.04700228832951945,0.05830663615560641,0.15370709382151032,0.15231121281464532,0.12640732265446225,0.12176201372997712,0.13201372997711672,0.029656750572082384,0.0214187643020595,0.021830663615560644,0.0214187643020595,0.028832951945080093,0.029656750572082384,0.03048054919908467,0.05102974828375287,0.050251716247139595,0.05789473684210528,0.057665903890160186,0.04640732265446225,0.08530892448512588,0.09414187643020598,0.08260869565217392,0.07130434782608697,0.0796796338672769,0.07002288329519453,0.08988558352402747,0.03048054919908467,0.02430205949656751,0.03048054919908467
Power Systems Engineering,0.06704545454545453,0.07969696969696968,0.0899242424242424,0.0484090909090909,0.050454545454545446,0.05386363636363636,0.05249999999999999,0.059318181818181805,0.03409090909090908,0.04909090909090908,0.046363636363636364,0.7832575757575756,0.7729545454545452,0.6558333333333334,0.6436363636363636,0.1627272727272727,0.1593181818181818,0.15999999999999998,0.1267424242424242,0.1296212121212121,0.1315151515151515,0.1315151515151515,0.15015151515151515,0.058636363636363625,0.03477272727272727,0.055909090909090894,0.03477272727272727,0.050454545454545446,0.1093181818181818,0.1090151515151515,0.0968181818181818,0.08348484848484847,0.08416666666666665,0.04909090909090908,0.03545454545454545,0.03613636363636363,0.03545454545454545,0.0,0.0,0.0,0.04022727272727272,0.050454545454545446,0.05522727272727272,0.05181818181818181,0.03681818181818181,0.05454545454545454,0.05522727272727272,0.05249999999999999,0.0484090909090909,0.04909090909090908,0.04022727272727272,0.058636363636363625,0.050454545454545446,0.04022727272727272,0.050454545454545446
Renewable Energy Engineering,0.10011320754716983,0.11683018867924529,0.1231320754716981,0.08807547169811321,0.07924528301886793,0.09532075471698112,0.14524528301886794,0.1549433962264151,0.11415094339622642,0.1547924528301887,0.1168679245283019,0.1809433962264151,0.20566037735849058,0.17815094339622642,0.17056603773584905,0.18732075471698112,0.22128301886792454,0.2111698113207547,0.1730188679245283,0.16596226415094342,0.18018867924528303,0.17543396226415095,0.19966037735849057,0.05841509433962264,0.03464150943396226,0.05569811320754717,0.03464150943396226,0.05026415094339623,0.15867924528301888,0.16241509433962265,0.1329811320754717,0.11747169811320757,0.12471698113207547,0.048905660377358495,0.03532075471698114,0.036000000000000004,0.03532075471698114,0.04490566037735849,0.04618867924528302,0.04747169811320755,0.04007547169811321,0.05026415094339623,0.05501886792452831,0.051622641509433964,0.03667924528301887,0.10022641509433965,0.10694339622641512,0.09275471698113208,0.08350943396226415,0.09830188679245283,0.07535849056603774,0.10332075471698113,0.05026415094339623,0.04007547169811321,0.05026415094339623
Risk Analyst,0.2559475218658892,0.23915451895043732,0.2395918367346939,0.2533236151603499,0.24798833819241986,0.2729446064139942,0.3694752186588922,0.4326822157434403,0.35241982507288633,0.4257434402332362,0.340262390670554,0.035685131195335285,0.04040816326530613,0.02833819241982508,0.04198250728862975,0.09212827988338193,0.10758017492711372,0.09230320699708457,0.030437317784256564,0.02886297376093295,0.035685131195335285,0.02623906705539359,0.036734693877551024,0.16370262390670556,0.12387755102040819,0.15440233236151604,0.12049562682215745,0.15125364431486885,0.3065014577259476,0.3032069970845482,0.23542274052478135,0.2438192419825073,0.26568513119533527,0.08134110787172012,0.05352769679300292,0.05562682215743441,0.06139941690962101,0.03125364431486881,0.02612244897959184,0.032186588921282795,0.20034985422740528,0.1956851311953353,0.21533527696793006,0.19209912536443152,0.1660058309037901,0.40096209912536446,0.40868804664723035,0.3832069970845481,0.17110787172011663,0.1720991253644315,0.17486880466472302,0.22428571428571428,0.038833819241982516,0.030962099125364434,0.038833819241982516
Robotics Engineering,0.06879245283018867,0.08166037735849055,0.09211320754716981,0.05090566037735849,0.053056603773584905,0.05664150943396226,0.055207547169811313,0.06237735849056604,0.035849056603773584,0.05162264150943396,0.048754716981132075,0.0910188679245283,0.09626415094339623,0.0870188679245283,0.10264150943396227,0.07984905660377357,0.08501886792452831,0.08362264150943396,0.11947169811320754,0.12154716981132076,0.1290566037735849,0.12158490566037734,0.14498113207547172,0.10656603773584905,0.07954716981132076,0.11075471698113207,0.08339622641509434,0.10052830188679245,0.11203773584905662,0.11188679245283019,0.09939622641509434,0.08520754716981133,0.08652830188679246,0.10358490566037737,0.07449056603773584,0.07713207547169809,0.06999999999999999,0.0,0.0,0.0,0.08464150943396227,0.08641509433962265,0.11324528301886792,0.09683018867924528,0.07849056603773585,0.057358490566037736,0.0580754716981132,0.055207547169811313,0.05090566037735849,0.05162264150943396,0.04230188679245283,0.06166037735849056,0.053056603773584905,0.04230188679245283,0.053056603773584905
Structural Engineering,0.06654135338345865,0.07909774436090226,0.0892481203007519,0.04804511278195489,0.05007518796992482,0.053458646616541365,0.10259398496240603,0.1074436090225564,0.07281954887218045,0.1036842105263158,0.08755639097744362,0.1404511278195489,0.1417293233082707,0.1303759398496241,0.14736842105263162,0.14906015037593986,0.16571428571428573,0.16796992481203007,0.07233082706766919,0.08533834586466167,0.07909774436090226,0.07774436090225564,0.09488721804511278,0.058195488721804516,0.03451127819548873,0.05548872180451128,0.03451127819548873,0.05007518796992482,0.10849624060150377,0.10819548872180453,0.09609022556390978,0.08285714285714287,0.08353383458646617,0.0487218045112782,0.03518796992481203,0.03586466165413534,0.03518796992481203,0.04473684210526316,0.04601503759398497,0.04729323308270677,0.039924812030075196,0.05007518796992482,0.05481203007518798,0.051428571428571435,0.03654135338345865,0.054135338345864675,0.05481203007518798,0.052105263157894745,0.08319548872180452,0.09793233082706768,0.07507518796992482,0.10293233082706768,0.05007518796992482,0.039924812030075196,0.05007518796992482
Supply Chain Manager,0.2429239766081871,0.249766081871345,0.24236842105263154,0.1650292397660819,0.14751461988304096,0.1745906432748538,0.24102339181286547,0.2679824561403508,0.2198830409356725,0.259093567251462,0.20584795321637425,0.07058479532163743,0.07432748538011696,0.06818713450292398,0.07938596491228068,0.1213157894736842,0.1384795321637427,0.1265497076023392,0.13555555555555554,0.14555555555555555,0.1425438596491228,0.12456140350877191,0.1555847953216374,0.08409356725146198,0.060994152046783615,0.08292397660818714,0.060058479532163735,0.07450292397660818,0.2341812865497076,0.22941520467836254,0.18935672514619883,0.18988304093567251,0.19801169590643275,0.03789473684210526,0.027368421052631577,0.027894736842105264,0.027368421052631577,0.0,0.0,0.0,0.0652046783625731,0.06421052631578947,0.0739766081871345,0.07368421052631578,0.059298245614035086,0.18853801169590642,0.2038011695906433,0.18359649122807015,0.062163742690058484,0.061286549707602334,0.060526315789473685,0.07801169590643274,0.03894736842105263,0.031052631578947366,0.03894736842105263
Systems Engineering,0.2037037037037037,0.20655555555555555,0.2007037037037037,0.16944444444444445,0.14455555555555555,0.19162962962962962,0.18762962962962962,0.20692592592592593,0.1541851851851852,0.20733333333333334,0.14848148148148146,0.0971111111111111,0.10203703703703704,0.09429629629629631,0.10907407407407407,0.16511111111111113,0.18837037037037035,0.17255555555555555,0.21144444444444443,0.21159259259259258,0.22433333333333336,0.21400000000000002,0.24996296296296297,0.11277777777777777,0.08185185185185186,0.11122222222222221,0.08059259259259258,0.09992592592592592,0.21596296296296294,0.22029629629629632,0.1729259259259259,0.16396296296296295,0.17837037037037037,0.050666666666666665,0.03659259259259259,0.03729629629629629,0.03659259259259259,0.0,0.0,0.0,0.08748148148148148,0.08607407407407407,0.09918518518518518,0.09881481481481481,0.07955555555555556,0.19566666666666668,0.21685185185185182,0.19837037037037036,0.08333333333333333,0.08214814814814815,0.0811851851851852,0.10459259259259258,0.05207407407407407,0.04151851851851852,0.05207407407407407
Telecommunications Engineering,0.06730038022813688,0.08,0.09026615969581749,0.04859315589353612,0.05064638783269962,0.05406844106463879,0.05269961977186312,0.059543726235741445,0.034220532319391636,0.049277566539923955,0.046539923954372626,0.1420532319391635,0.14334600760456276,0.13186311787072244,0.1490494296577947,0.11650190114068441,0.13011406844106466,0.12593155893536123,0.11817490494296579,0.12038022813688214,0.12745247148288974,0.1206083650190114,0.14342205323193916,0.05885931558935361,0.03490494296577947,0.05612167300380228,0.03490494296577947,0.05064638783269962,0.10973384030418251,0.10942965779467681,0.09718631178707224,0.0838022813688213,0.08448669201520913,0.049277566539923955,0.0355893536121673,0.036273764258555136,0.0355893536121673,0.0,0.0,0.0,0.04038022813688213,0.05064638783269962,0.05543726235741445,0.05201520912547529,0.03695817490494297,0.05475285171102662,0.05543726235741445,0.05269961977186312,0.04859315589353612,0.049277566539923955,0.04038022813688213,0.05885931558935361,0.05064638783269962,0.04038022813688213,0.05064638783269962
Transportation Engineering,0.15262548262548267,0.15328185328185331,0.1600772200772201,0.1272586872586873,0.11196911196911201,0.14590733590733593,0.14332046332046333,0.15737451737451738,0.1207722007722008,0.1533590733590734,0.11644787644787646,0.14077220077220082,0.14942084942084946,0.12030888030888036,0.13509652509652512,0.1620463320463321,0.18579150579150583,0.16949806949806956,0.07640926640926643,0.09073359073359076,0.08335907335907339,0.08266409266409268,0.10050193050193051,0.11104247104247107,0.08054054054054055,0.10949806949806953,0.07930501930501932,0.0983783783783784,0.21227799227799232,0.21698841698841703,0.1697297297297298,0.16050193050193054,0.17579150579150582,0.05003861003861005,0.03613899613899615,0.03683397683397684,0.03613899613899615,0.0,0.0,0.0,0.08610038610038612,0.0847876447876448,0.09768339768339772,0.09729729729729732,0.07830115830115832,0.14687258687258692,0.1621621621621622,0.141969111969112,0.08208494208494212,0.08092664092664094,0.07992277992277995,0.10301158301158304,0.05142857142857144,0.04100386100386101,0.05142857142857144
Water Resources Engineering,0.10164750957854406,0.1186206896551724,0.12501915708812258,0.08942528735632184,0.08045977011494253,0.09678160919540228,0.1474712643678161,0.15731800766283524,0.11590038314176244,0.1571647509578544,0.11865900383141763,0.18383141762452107,0.19915708812260538,0.1573946360153257,0.18310344827586206,0.3727203065134099,0.38180076628352494,0.3964750957854406,0.07582375478927203,0.09003831417624521,0.08272030651340996,0.08203065134099616,0.0997318007662835,0.0593103448275862,0.03517241379310345,0.05655172413793103,0.03517241379310345,0.05103448275862069,0.1611111111111111,0.16490421455938697,0.1350191570881226,0.11927203065134101,0.12662835249042143,0.0496551724137931,0.03586206896551724,0.036551724137931035,0.03586206896551724,0.04559386973180076,0.046896551724137925,0.048199233716475096,0.04068965517241379,0.05103448275862069,0.05586206896551724,0.05241379310344828,0.03724137931034483,0.10176245210727972,0.10858237547892721,0.09417624521072797,0.08478927203065134,0.09980842911877394,0.07651340996168582,0.10490421455938696,0.05103448275862069,0.04068965517241379,0.05103448275862069
